{
  "best_name": "equal",
  "best": {
    "weights": {
      "logistic_regression": 1.0,
      "random_forest": 1.0,
      "svm_rbf": 1.0
    },
    "accuracy": 0.9723708774113254,
    "macro_f1": 0.9726248385028011,
    "per_subject": {
      "abde": {
        "accuracy": 0.9775700934579439,
        "macro_f1": 0.9784791037358896
      },
      "aitana": {
        "accuracy": 0.9574468085106383,
        "macro_f1": 0.9556637334225501
      },
      "andrea": {
        "accuracy": 0.95260663507109,
        "macro_f1": 0.95057106868248
      },
      "belen": {
        "accuracy": 0.974145891043398,
        "macro_f1": 0.9747655407811202
      },
      "dani": {
        "accuracy": 1.0,
        "macro_f1": 1.0
      },
      "emrah": {
        "accuracy": 0.977366255144033,
        "macro_f1": 0.9774037472130734
      },
      "javi": {
        "accuracy": 0.9440928270042194,
        "macro_f1": 0.9326320576749495
      },
      "leire": {
        "accuracy": 0.9858299595141701,
        "macro_f1": 0.9853495026570377
      },
      "mabel": {
        "accuracy": 0.993849938499385,
        "macro_f1": 0.9942451103420163
      },
      "maja": {
        "accuracy": 0.9638752052545156,
        "macro_f1": 0.9654061112005587
      }
    }
  },
  "all_results": {
    "equal": {
      "weights": {
        "logistic_regression": 1.0,
        "random_forest": 1.0,
        "svm_rbf": 1.0
      },
      "accuracy": 0.9723708774113254,
      "macro_f1": 0.9726248385028011,
      "per_subject": {
        "abde": {
          "accuracy": 0.9775700934579439,
          "macro_f1": 0.9784791037358896
        },
        "aitana": {
          "accuracy": 0.9574468085106383,
          "macro_f1": 0.9556637334225501
        },
        "andrea": {
          "accuracy": 0.95260663507109,
          "macro_f1": 0.95057106868248
        },
        "belen": {
          "accuracy": 0.974145891043398,
          "macro_f1": 0.9747655407811202
        },
        "dani": {
          "accuracy": 1.0,
          "macro_f1": 1.0
        },
        "emrah": {
          "accuracy": 0.977366255144033,
          "macro_f1": 0.9774037472130734
        },
        "javi": {
          "accuracy": 0.9440928270042194,
          "macro_f1": 0.9326320576749495
        },
        "leire": {
          "accuracy": 0.9858299595141701,
          "macro_f1": 0.9853495026570377
        },
        "mabel": {
          "accuracy": 0.993849938499385,
          "macro_f1": 0.9942451103420163
        },
        "maja": {
          "accuracy": 0.9638752052545156,
          "macro_f1": 0.9654061112005587
        }
      }
    },
    "svm_x2": {
      "weights": {
        "logistic_regression": 1.0,
        "random_forest": 1.0,
        "svm_rbf": 2.0
      },
      "accuracy": 0.9717485998755445,
      "macro_f1": 0.9719981092745543,
      "per_subject": {
        "abde": {
          "accuracy": 0.9785046728971962,
          "macro_f1": 0.9793748863783925
        },
        "aitana": {
          "accuracy": 0.9553191489361702,
          "macro_f1": 0.9546193019256048
        },
        "andrea": {
          "accuracy": 0.95260663507109,
          "macro_f1": 0.9509505860680475
        },
        "belen": {
          "accuracy": 0.9686057248384118,
          "macro_f1": 0.9694065905685694
        },
        "dani": {
          "accuracy": 1.0,
          "macro_f1": 1.0
        },
        "emrah": {
          "accuracy": 0.9794238683127572,
          "macro_f1": 0.9794652746780406
        },
        "javi": {
          "accuracy": 0.9388185654008439,
          "macro_f1": 0.9251356482553685
        },
        "leire": {
          "accuracy": 0.9919028340080972,
          "macro_f1": 0.9916083916083916
        },
        "mabel": {
          "accuracy": 0.992619926199262,
          "macro_f1": 0.9930866726411471
        },
        "maja": {
          "accuracy": 0.9663382594417077,
          "macro_f1": 0.9675485691017816
        }
      }
    },
    "svm_x3": {
      "weights": {
        "logistic_regression": 1.0,
        "random_forest": 1.0,
        "svm_rbf": 3.0
      },
      "accuracy": 0.9713752333540759,
      "macro_f1": 0.9716203602996407,
      "per_subject": {
        "abde": {
          "accuracy": 0.9794392523364486,
          "macro_f1": 0.9802705836310823
        },
        "aitana": {
          "accuracy": 0.9574468085106383,
          "macro_f1": 0.9566548078327844
        },
        "andrea": {
          "accuracy": 0.95260663507109,
          "macro_f1": 0.9511388657778728
        },
        "belen": {
          "accuracy": 0.9667590027700831,
          "macro_f1": 0.9674630714561218
        },
        "dani": {
          "accuracy": 1.0,
          "macro_f1": 1.0
        },
        "emrah": {
          "accuracy": 0.9794238683127572,
          "macro_f1": 0.9794652746780406
        },
        "javi": {
          "accuracy": 0.9335443037974683,
          "macro_f1": 0.9176794131447625
        },
        "leire": {
          "accuracy": 0.9939271255060729,
          "macro_f1": 0.9938353111525362
        },
        "mabel": {
          "accuracy": 0.992619926199262,
          "macro_f1": 0.9930866726411471
        },
        "maja": {
          "accuracy": 0.9671592775041051,
          "macro_f1": 0.9681716514321724
        }
      }
    },
    "logreg_svm": {
      "weights": {
        "logistic_regression": 1.0,
        "random_forest": 0.0,
        "svm_rbf": 2.0
      },
      "accuracy": 0.9702551337896702,
      "macro_f1": 0.9705364866094259,
      "per_subject": {
        "abde": {
          "accuracy": 0.9775700934579439,
          "macro_f1": 0.9784791037358896
        },
        "aitana": {
          "accuracy": 0.9595744680851064,
          "macro_f1": 0.9581573501617708
        },
        "andrea": {
          "accuracy": 0.9510268562401264,
          "macro_f1": 0.949598215735269
        },
        "belen": {
          "accuracy": 0.9667590027700831,
          "macro_f1": 0.9675605011112978
        },
        "dani": {
          "accuracy": 1.0,
          "macro_f1": 1.0
        },
        "emrah": {
          "accuracy": 0.9794238683127572,
          "macro_f1": 0.9794652746780406
        },
        "javi": {
          "accuracy": 0.9356540084388185,
          "macro_f1": 0.920546381816868
        },
        "leire": {
          "accuracy": 0.9919028340080972,
          "macro_f1": 0.9915580910317752
        },
        "mabel": {
          "accuracy": 0.995079950799508,
          "macro_f1": 0.9954009772923254
        },
        "maja": {
          "accuracy": 0.9589490968801314,
          "macro_f1": 0.960728695395634
        }
      }
    },
    "rf_svm": {
      "weights": {
        "logistic_regression": 0.0,
        "random_forest": 1.0,
        "svm_rbf": 2.0
      },
      "accuracy": 0.9705040448039826,
      "macro_f1": 0.9707294851494925,
      "per_subject": {
        "abde": {
          "accuracy": 0.9794392523364486,
          "macro_f1": 0.9802705836310823
        },
        "aitana": {
          "accuracy": 0.9425531914893617,
          "macro_f1": 0.9421930694343559
        },
        "andrea": {
          "accuracy": 0.9557661927330173,
          "macro_f1": 0.9542583570668824
        },
        "belen": {
          "accuracy": 0.9686057248384118,
          "macro_f1": 0.9692081609744644
        },
        "dani": {
          "accuracy": 1.0,
          "macro_f1": 1.0
        },
        "emrah": {
          "accuracy": 0.9794238683127572,
          "macro_f1": 0.9794652746780406
        },
        "javi": {
          "accuracy": 0.9251054852320675,
          "macro_f1": 0.9058397489527111
        },
        "leire": {
          "accuracy": 0.9939271255060729,
          "macro_f1": 0.993992919218907
        },
        "mabel": {
          "accuracy": 0.992619926199262,
          "macro_f1": 0.9930866726411471
        },
        "maja": {
          "accuracy": 0.9704433497536946,
          "macro_f1": 0.9707890148191126
        }
      }
    },