{
  "metadata": {
    "best_model": "logistic_regression",
    "selection_metric": "macro_f1_loso",
    "dataset_path": "/Users/belengrandelopez/Desktop/GestureBot/data/processed/gesture_dataset.npz",
    "model_path": "/Users/belengrandelopez/Desktop/GestureBot/models/gesture_model.joblib",
    "number_of_samples": 8035,
    "number_of_features": 128,
    "subjects": [
      "abde",
      "aitana",
      "andrea",
      "belen",
      "dani",
      "emrah",
      "javi",
      "leire",
      "mabel",
      "maja"
    ],
    "classes": [
      "FORWARD",
      "STOP",
      "BACKWARD",
      "GRIPPER",
      "OTHER"
    ],
    "excluded_subjects": [],
    "metrics": {
      "logistic_regression": {
        "accuracy": 0.958431860609832,
        "macro_f1": 0.9587789963633242,
        "total_training_seconds": 1.8257033429997591,
        "mean_inference_ms_per_sample": 0.0017182850031443127
      },
      "random_forest": {
        "accuracy": 0.9578095830740511,
        "macro_f1": 0.9580574205055354,
        "total_training_seconds": 53.57054152300043,
        "mean_inference_ms_per_sample": 0.09565288462976287
      },
      "mlp": {
        "accuracy": 0.9542003733665214,
        "macro_f1": 0.9544437787550578,
        "total_training_seconds": 34.822654789000126,
        "mean_inference_ms_per_sample": 0.002790514250131956
      }
    }
  },
  "models": {
    "logistic_regression": {
      "accuracy": 0.958431860609832,
      "macro_f1": 0.9587789963633242,
      "total_training_seconds": 1.8257033429997591,
      "mean_inference_ms_per_sample": 0.0017182850031443127,
      "classification_report": {
        "FORWARD": {
          "precision": 0.9781818181818182,
          "recall": 0.9811550151975684,
          "f1-score": 0.9796661608497724,
          "support": 1645.0
        },
        "STOP": {
          "precision": 0.9577373211963589,
          "recall": 0.9742063492063492,
          "f1-score": 0.9659016393442623,
          "support": 1512.0
        },
        "BACKWARD": {
          "precision": 0.9510050251256281,
          "recall": 0.9908376963350786,
          "f1-score": 0.9705128205128205,
          "support": 1528.0
        },
        "GRIPPER": {
          "precision": 0.9408926417370326,
          "recall": 0.9731752963194011,
          "f1-score": 0.9567617295308187,
          "support": 1603.0
        },
        "OTHER": {
          "precision": 0.9643080776455855,
          "recall": 0.8815111619919863,
          "f1-score": 0.9210526315789473,
          "support": 1747.0
        },
        "accuracy": 0.958431860609832,
        "macro avg": {
          "precision": 0.9584249767772846,
          "recall": 0.9601771038100768,
          "f1-score": 0.9587789963633242,
          "support": 8035.0
        },
        "weighted avg": {
          "precision": 0.9587107299690413,
          "recall": 0.958431860609832,
          "f1-score": 0.958021867185602,
          "support": 8035.0
        }
      },
      "confusion_matrix": [
        [
          1614,
          1,
          3,
          22,
          5
        ],
        [
          6,
          1473,
          0,
          11,
          22
        ],
        [
          2,
          0,
          1514,
          3,
          9
        ],
        [
          9,
          0,
          13,
          1560,
          21
        ],
        [
          19,
          64,
          62,
          62,
          1540
        ]
      ],
      "folds": {
        "abde": {
          "test_samples": 1070,
          "accuracy": 0.9700934579439252,
          "macro_f1": 0.9712050418618798,
          "training_seconds": 0.21717731400008233,
          "mean_inference_ms_per_sample": 0.002529623364599527
        },
        "aitana": {
          "test_samples": 470,
          "accuracy": 0.9574468085106383,
          "macro_f1": 0.955283460040268,
          "training_seconds": 0.17261079500008236,
          "mean_inference_ms_per_sample": 0.0019315106381791918
        },
        "andrea": {
          "test_samples": 633,
          "accuracy": 0.9447077409162717,
          "macro_f1": 0.9431618418798708,
          "training_seconds": 0.16149178900013794,
          "mean_inference_ms_per_sample": 0.0013390205368332215
        },
        "belen": {
          "test_samples": 1083,
          "accuracy": 0.9492151431209603,
          "macro_f1": 0.9498803134268593,
          "training_seconds": 0.173234420999961,
          "mean_inference_ms_per_sample": 0.001952229916939644
        },
        "dani": {
          "test_samples": 820,
          "accuracy": 1.0,
          "macro_f1": 1.0,
          "training_seconds": 0.19058052599984876,
          "mean_inference_ms_per_sample": 0.0012230134147346956
        },
        "emrah": {
          "test_samples": 486,
          "accuracy": 0.9753086419753086,
          "macro_f1": 0.9753350176308911,
          "training_seconds": 0.19185539799991602,
          "mean_inference_ms_per_sample": 0.0014810679014001166
        },
        "javi": {
          "test_samples": 948,
          "accuracy": 0.9092827004219409,
          "macro_f1": 0.881151735810848,
          "training_seconds": 0.1673994949999269,
          "mean_inference_ms_per_sample": 0.0016681097046002142
        },
        "leire": {
          "test_samples": 494,
          "accuracy": 0.9696356275303644,
          "macro_f1": 0.9685607572827646,
          "training_seconds": 0.17342257399991468,
          "mean_inference_ms_per_sample": 0.0014388441297474627
        },
        "mabel": {
          "test_samples": 813,
          "accuracy": 0.992619926199262,
          "macro_f1": 0.9931470763487713,
          "training_seconds": 0.19767637899985857,
          "mean_inference_ms_per_sample": 0.0011762361624627158
        },
        "maja": {
          "test_samples": 1218,
          "accuracy": 0.9400656814449918,
          "macro_f1": 0.9446827914889298,
          "training_seconds": 0.18025465200003055,
          "mean_inference_ms_per_sample": 0.001854631362919893
        }
      },
      "confusion_matrix_path": "/Users/belengrandelopez/Desktop/GestureBot/reports/figures/confusion_matrix_loso_logistic_regression.png"
    },
    "random_forest": {
      "accuracy": 0.9578095830740511,
      "macro_f1": 0.9580574205055354,
      "total_training_seconds": 53.57054152300043,
      "mean_inference_ms_per_sample": 0.09565288462976287,
      "classification_report": {
        "FORWARD": {
          "precision": 0.9658119658119658,
          "recall": 0.9617021276595744,
          "f1-score": 0.9637526652452025,
          "support": 1645.0
        },
        "STOP": {
          "precision": 0.9475032010243278,
          "recall": 0.9788359788359788,
          "f1-score": 0.962914769030579,
          "support": 1512.0
        },
        "BACKWARD": {
          "precision": 0.9512670565302144,
          "recall": 0.9581151832460733,
          "f1-score": 0.9546788392566026,
          "support": 1528.0
        },
        "GRIPPER": {
          "precision": 0.9699624530663329,
          "recall": 0.9669369931378665,
          "f1-score": 0.9684473601999375,
          "support": 1603.0
        },
        "OTHER": {
          "precision": 0.9540636042402827,
          "recall": 0.9273039496279336,
          "f1-score": 0.9404934687953556,
          "support": 1747.0
        },
        "accuracy": 0.9578095830740511,
        "macro avg": {
          "precision": 0.9577216561346246,
          "recall": 0.9585788465014854,
          "f1-score": 0.9580574205055354,
          "support": 8035.0
        },
        "weighted avg": {
          "precision": 0.9578743640274724,
          "recall": 0.9578095830740511,
          "f1-score": 0.957748940867787,
          "support": 8035.0
        }
      },