{
  "best": {
    "C": 10.0,
    "gamma": 0.003,
    "accuracy": 0.9672682016179216,
    "macro_f1": 0.9675598587401926,
    "confusion_matrix": [
      [
        1629,
        1,
        7,
        7,
        1
      ],
      [
        0,
        1493,
        0,
        3,
        16
      ],
      [
        7,
        0,
        1511,
        3,
        7
      ],
      [
        11,
        5,
        14,
        1548,
        25
      ],
      [
        8,
        41,
        100,
        7,
        1591
      ]
    ],
    "folds": {
      "abde": {
        "samples": 1070,
        "accuracy": 0.9785046728971962,
        "macro_f1": 0.9793393092998599
      },
      "aitana": {
        "samples": 470,
        "accuracy": 0.9531914893617022,
        "macro_f1": 0.952317148084326
      },
      "andrea": {
        "samples": 633,
        "accuracy": 0.9715639810426541,
        "macro_f1": 0.9722447197694806
      },
      "belen": {
        "samples": 1083,
        "accuracy": 0.9492151431209603,
        "macro_f1": 0.9494422044474209
      },
      "dani": {
        "samples": 820,
        "accuracy": 1.0,
        "macro_f1": 1.0
      },
      "emrah": {
        "samples": 486,
        "accuracy": 0.9794238683127572,
        "macro_f1": 0.9794652746780406
      },
      "javi": {
        "samples": 948,
        "accuracy": 0.9135021097046413,
        "macro_f1": 0.8891513362101596
      },
      "leire": {
        "samples": 494,
        "accuracy": 0.9898785425101214,
        "macro_f1": 0.9900914441339911
      },
      "mabel": {
        "samples": 813,
        "accuracy": 0.986469864698647,
        "macro_f1": 0.9872536633647432
      },
      "maja": {
        "samples": 1218,
        "accuracy": 0.9696223316912972,
        "macro_f1": 0.9701653707722988
      }
    },
    "seconds": 3.193215238999983
  },
  "all_results": [
    {
      "C": 1.0,
      "gamma": "scale",
      "accuracy": 0.9614187927815806,
      "macro_f1": 0.9617882766653144,
      "confusion_matrix": [
        [
          1607,
          3,
          4,
          18,
          13
        ],
        [
          0,
          1490,
          0,
          1,
          21
        ],
        [
          11,
          0,
          1500,
          6,
          11
        ],
        [
          9,
          6,
          12,
          1552,
          24
        ],
        [
          7,
          54,
          105,
          5,
          1576
        ]
      ],
      "folds": {
        "abde": {
          "samples": 1070,
          "accuracy": 0.974766355140187,
          "macro_f1": 0.9757909739950877
        },
        "aitana": {
          "samples": 470,
          "accuracy": 0.9361702127659575,
          "macro_f1": 0.9333088646335733
        },
        "andrea": {
          "samples": 633,
          "accuracy": 0.9368088467614534,
          "macro_f1": 0.9380255281298007
        },
        "belen": {
          "samples": 1083,
          "accuracy": 0.9519852262234534,
          "macro_f1": 0.9526057775285871
        },
        "dani": {
          "samples": 820,
          "accuracy": 0.998780487804878,
          "macro_f1": 0.9987890982588755
        },
        "emrah": {
          "samples": 486,
          "accuracy": 0.977366255144033,
          "macro_f1": 0.9774766296505426
        },
        "javi": {
          "samples": 948,
          "accuracy": 0.9092827004219409,
          "macro_f1": 0.8828592663383187
        },
        "leire": {
          "samples": 494,
          "accuracy": 0.9777327935222672,
          "macro_f1": 0.9777459867985501
        },
        "mabel": {
          "samples": 813,
          "accuracy": 0.990159901599016,
          "macro_f1": 0.9907618283881314
        },
        "maja": {
          "samples": 1218,
          "accuracy": 0.9638752052545156,
          "macro_f1": 0.9644046378360706
        }
      },
      "seconds": 5.570370390000335
    },
    {
      "C": 3.0,
      "gamma": "scale",
      "accuracy": 0.9627878033602987,
      "macro_f1": 0.963196144905492,
      "confusion_matrix": [
        [
          1613,
          2,
          4,
          12,
          14
        ],
        [
          0,
          1491,
          0,
          1,
          20
        ],
        [
          12,
          0,
          1501,
          2,
          13
        ],
        [
          10,
          5,
          12,
          1550,
          26
        ],
        [
          7,
          50,
          102,
          7,
          1581
        ]
      ],
      "folds": {
        "abde": {
          "samples": 1070,
          "accuracy": 0.9794392523364486,
          "macro_f1": 0.9802075656453155
        },
        "aitana": {
          "samples": 470,
          "accuracy": 0.9404255319148936,
          "macro_f1": 0.9379709423823588
        },
        "andrea": {
          "samples": 633,
          "accuracy": 0.9447077409162717,
          "macro_f1": 0.9468110547638895
        },
        "belen": {
          "samples": 1083,
          "accuracy": 0.9455216989843028,
          "macro_f1": 0.9461232482201268
        },
        "dani": {
          "samples": 820,
          "accuracy": 0.998780487804878,
          "macro_f1": 0.9987890982588755
        },
        "emrah": {
          "samples": 486,
          "accuracy": 0.977366255144033,
          "macro_f1": 0.9774766296505426
        },
        "javi": {
          "samples": 948,
          "accuracy": 0.9113924050632911,
          "macro_f1": 0.8859943742129758
        },
        "leire": {
          "samples": 494,
          "accuracy": 0.9757085020242915,
          "macro_f1": 0.9755869974617211
        },
        "mabel": {
          "samples": 813,
          "accuracy": 0.986469864698647,
          "macro_f1": 0.9873274749558411
        },
        "maja": {
          "samples": 1218,
          "accuracy": 0.9704433497536946,
          "macro_f1": 0.9710741239653427
        }
      },
      "seconds": 4.5663995740001155
    },
    {
      "C": 10.0,
      "gamma": "scale",
      "accuracy": 0.9609209707529558,
      "macro_f1": 0.9613794524482824,
      "confusion_matrix": [
        [
          1614,
          2,
          6,
          9,
          14
        ],
        [
          0,
          1482,
          0,
          1,
          29
        ],
        [
          8,
          0,
          1507,
          1,
          12
        ],
        [
          11,
          5,
          11,
          1550,
          26
        ],
        [
          13,
          47,
          105,
          14,
          1568
        ]
      ],
      "folds": {
        "abde": {
          "samples": 1070,
          "accuracy": 0.9794392523364486,
          "macro_f1": 0.9801549365938831
        },
        "aitana": {
          "samples": 470,
          "accuracy": 0.9425531914893617,
          "macro_f1": 0.9399984286436339
        },
        "andrea": {
          "samples": 633,
          "accuracy": 0.9462875197472354,
          "macro_f1": 0.9484662192963442
        },
        "belen": {
          "samples": 1083,
          "accuracy": 0.9325946445060018,
          "macro_f1": 0.9331107841926842
        },
        "dani": {
          "samples": 820,
          "accuracy": 0.998780487804878,
          "macro_f1": 0.9987890982588755
        },
        "emrah": {
          "samples": 486,
          "accuracy": 0.977366255144033,
          "macro_f1": 0.9774766296505426
        },
        "javi": {
          "samples": 948,
          "accuracy": 0.9092827004219409,
          "macro_f1": 0.8822043330724754
        },
        "leire": {
          "samples": 494,
          "accuracy": 0.9676113360323887,
          "macro_f1": 0.9670089250275009
        },
        "mabel": {
          "samples": 813,
          "accuracy": 0.986469864698647,
          "macro_f1": 0.9870818121843881
        },
        "maja": {
          "samples": 1218,
          "accuracy": 0.9729064039408867,